date,total_hosp,total_rea,new_hosp,new_dc,new_cases,roll_cases,roll_hosp,roll_dc
2020-01-23,NA,NA,NA,NA,NA,NA,NA,NA
2020-01-24,NA,NA,NA,NA,2,NA,NA,NA
2020-01-25,NA,NA,NA,NA,0,NA,NA,NA
2020-01-26,NA,NA,NA,NA,0,NA,NA,NA
2020-01-27,NA,NA,NA,NA,-3,NA,NA,NA
2020-01-28,NA,NA,NA,NA,4,NA,NA,NA
2020-01-29,NA,NA,NA,NA,1,NA,NA,NA
2020-01-30,NA,NA,NA,NA,1,0.7142857142857143,NA,NA
2020-01-31,NA,NA,NA,NA,0,0.42857142857142855,NA,NA
2020-02-01,NA,NA,NA,NA,0,0.42857142857142855,NA,NA
2020-02-02,NA,NA,NA,NA,0,0.42857142857142855,NA,NA
2020-02-03,NA,NA,NA,NA,0,0.8571428571428571,NA,NA
2020-02-04,NA,NA,NA,NA,0,0.2857142857142857,NA,NA
2020-02-05,NA,NA,NA,NA,0,0.14285714285714285,NA,NA
2020-02-06,NA,NA,NA,NA,0,0,NA,NA
2020-02-07,NA,NA,NA,NA,0,0,NA,NA
2020-02-08,NA,NA,NA,NA,5,0.7142857142857143,NA,NA
2020-02-09,NA,NA,NA,NA,0,0.7142857142857143,NA,NA
2020-02-10,NA,NA,NA,NA,0,0.7142857142857143,NA,NA
2020-02-11,NA,NA,NA,NA,0,0.7142857142857143,NA,NA
2020-02-12,NA,NA,NA,NA,0,0.7142857142857143,NA,NA
2020-02-13,NA,NA,NA,NA,0,0.7142857142857143,NA,NA
2020-02-14,NA,NA,NA,NA,0,0.7142857142857143,NA,NA
2020-02-15,NA,NA,NA,NA,1,0.14285714285714285,NA,NA
2020-02-16,NA,NA,NA,NA,0,0.14285714285714285,NA,NA
2020-02-17,NA,NA,NA,NA,0,0.14285714285714285,NA,NA
2020-02-18,NA,NA,NA,NA,0,0.14285714285714285,NA,NA
2020-02-19,NA,NA,NA,NA,0,0.14285714285714285,NA,NA
2020-02-20,NA,NA,NA,NA,0,0.14285714285714285,NA,NA
2020-02-21,NA,NA,NA,NA,0,0.14285714285714285,NA,NA
2020-02-22,NA,NA,NA,NA,0,0,NA,NA
2020-02-23,NA,NA,NA,NA,0,0,NA,NA
2020-02-24,NA,NA,NA,NA,0,0,NA,NA
2020-02-25,NA,NA,NA,NA,2,0.2857142857142857,NA,NA
2020-02-26,NA,NA,NA,NA,3,0.7142857142857143,NA,NA
2020-02-27,NA,NA,NA,NA,18,3.2857142857142856,NA,NA
2020-02-28,NA,NA,NA,NA,15,5.428571428571429,NA,NA
2020-02-29,NA,NA,NA,NA,50,12.571428571428571,NA,NA
2020-03-01,NA,NA,NA,NA,45,19,NA,NA
2020-03-02,NA,NA,NA,NA,46,25.571428571428573,NA,NA
2020-03-03,NA,NA,NA,NA,21,28.285714285714285,NA,NA
2020-03-04,NA,NA,NA,NA,73,38.285714285714285,NA,NA
2020-03-05,NA,NA,NA,NA,138,55.42857142857143,NA,NA
2020-03-06,NA,NA,NA,NA,190,80.42857142857143,NA,NA
2020-03-07,NA,NA,NA,NA,336,121.28571428571429,NA,NA
2020-03-08,NA,NA,NA,NA,177,140.14285714285714,NA,NA
2020-03-09,NA,NA,NA,NA,286,174.42857142857142,NA,NA
2020-03-10,NA,NA,NA,NA,372,224.57142857142858,NA,NA
2020-03-11,NA,NA,NA,NA,497,285.14285714285717,NA,NA
2020-03-12,NA,NA,NA,NA,595,350.42857142857144,NA,NA
2020-03-13,NA,NA,NA,NA,785,435.42857142857144,NA,NA
2020-03-14,NA,NA,NA,NA,838,507.14285714285717,NA,NA
2020-03-15,NA,NA,NA,NA,924,613.8571428571429,NA,NA
2020-03-16,NA,NA,NA,NA,1210,745.8571428571429,NA,NA
2020-03-17,NA,NA,NA,NA,1097,849.4285714285714,NA,NA
2020-03-18,2972,771,NA,NA,1404,979,NA,NA
2020-03-19,4073,1002,2229,155,1861,1159.857142857143,NA,NA
2020-03-20,5226,1297,1256,83,1617,1278.7142857142858,NA,NA
2020-03-21,5900,1453,1540,115,1847,1422.857142857143,NA,NA
2020-03-22,6954,1674,1534,124,2227,1609,NA,NA
2020-03-23,8673,2080,2053,189,3170,1889,NA,NA
2020-03-24,10163,2503,2618,244,2446,2081.714285714286,NA,NA
2020-03-25,12072,2935,3166,293,2931,2299.8571428571427,2056.5714285714284,171.85714285714286
2020-03-26,13879,3351,3097,318,3922,2594.285714285714,2180.5714285714284,195.14285714285714
2020-03-27,15701,3758,3059,307,3809,2907.4285714285716,2438.1428571428573,227.14285714285714
2020-03-28,17580,4236,3353,326,4611,3302.285714285714,2697.1428571428573,257.2857142857143
2020-03-29,19311,4592,2685,295,2599,3355.4285714285716,2861.5714285714284,281.7142857142857
2020-03-30,20946,5056,3108,423,4376,3527.714285714286,3012.285714285714,315.14285714285717
2020-03-31,22672,5496,4146,526,7578,4260.857142857143,3230.5714285714284,355.42857142857144
2020-04-01,24543,5940,4281,516,4861,4536.571428571428,3389.8571428571427,387.2857142857143
2020-04-02,26131,6305,3845,524,2116,4278.571428571428,3496.714285714286,416.7142857142857
2020-04-03,27302,6556,3627,606,5233,4482,3577.8571428571427,459.42857142857144
2020-04-04,28003,6723,2822,448,4267,4432.857142857143,3502,476.85714285714283
2020-04-05,28747,6859,1931,361,1873,4329.142857142857,3394.285714285714,486.2857142857143
2020-04-06,29569,6948,2754,613,3912,4262.857142857143,3343.714285714286,513.4285714285714
2020-04-07,29871,7004,3277,607,3777,3719.8571428571427,3219.5714285714284,525
2020-04-08,30217,7019,3139,562,3881,3579.8571428571427,3056.4285714285716,531.5714285714286
2020-04-09,30608,6937,2990,424,4286,3889.8571428571427,2934.285714285714,517.2857142857143
2020-04-10,31108,6875,3161,578,4342,3762.5714285714284,2867.714285714286,513.2857142857143
2020-04-11,31159,6752,2044,353,3114,3597.8571428571427,2756.5714285714284,499.7142857142857
2020-04-12,31665,6714,1688,315,1613,3560.714285714286,2721.8571428571427,493.14285714285717
2020-04-13,31952,6690,1257,343,2673,3383.714285714286,2508,454.57142857142856
2020-04-14,32131,6599,1965,559,5497,3629.4285714285716,2320.5714285714284,447.7142857142857
2020-04-15,31623,6331,2415,524,2633,3451.1428571428573,2217.1428571428573,442.2857142857143
2020-04-16,31172,6139,2084,435,2641,3216.1428571428573,2087.714285714286,443.85714285714283
2020-04-17,31061,5922,2166,428,405,2653.714285714286,1945.5714285714287,422.42857142857144
2020-04-18,30515,5733,1565,368,2569,2575.8571428571427,1877.142857142857,424.57142857142856
2020-04-19,30486,5644,890,231,785,2457.5714285714284,1763.142857142857,412.57142857142856
2020-04-20,30462,5584,1464,450,2051,2368.714285714286,1792.7142857142858,427.85714285714283
2020-04-21,29984,5334,1885,404,2667,1964.4285714285713,1781.2857142857142,405.7142857142857
2020-04-22,29627,5127,1619,349,1827,1849.2857142857142,1667.5714285714287,380.7142857142857
2020-04-23,29113,4967,1410,320,1653,1708.142857142857,1571.2857142857142,364.2857142857143
2020-04-24,28554,4785,1346,312,1773,1903.5714285714287,1454.142857142857,347.7142857142857
2020-04-25,28119,4641,999,207,1537,1756.142857142857,1373.2857142857142,324.7142857142857
2020-04-26,28114,4598,481,152,461,1709.857142857143,1314.857142857143,313.42857142857144
2020-04-27,27954,4526,964,300,1195,1587.5714285714287,1243.4285714285713,292
2020-04-28,27607,4392,1321,328,1520,1423.7142857142858,1162.857142857143,281.14285714285717
2020-04-29,26736,4128,1070,251,1152,1327.2857142857142,1084.4285714285713,267.14285714285717
2020-04-30,26192,3947,1048,207,1139,1253.857142857143,1032.7142857142858,251
2020-05-01,25809,3819,668,138,604,1086.857142857143,935.8571428571429,226.14285714285714
2020-05-02,25751,3770,453,120,794,980.7142857142857,857.8571428571429,213.71428571428572
2020-05-03,25739,3762,345,101,308,958.8571428571429,838.4285714285714,206.42857142857142
2020-05-04,25472,3639,689,245,576,870.4285714285714,799.1428571428571,198.57142857142858
2020-05-05,24701,3375,987,244,1104,811,751.4285714285714,186.57142857142858
2020-05-06,23912,3095,833,181,4183,1244,717.5714285714286,176.57142857142858
2020-05-07,23139,2911,728,159,629,1171.142857142857,671.8571428571429,169.71428571428572
2020-05-08,22657,2820,510,118,642,1176.5714285714287,649.2857142857143,166.85714285714286
2020-05-09,22547,2764,265,77,433,1125,622.4285714285714,160.71428571428572
2020-05-10,22502,2728,253,70,209,1110.857142857143,609.2857142857143,156.28571428571428
2020-05-11,22219,2666,523,184,456,1093.7142857142858,585.5714285714286,147.57142857142858
2020-05-12,21530,2496,670,194,708,1037.142857142857,540.2857142857143,140.42857142857142
2020-05-13,21009,2385,543,105,507,512,498.85714285714283,129.57142857142858
2020-05-14,20401,2256,542,126,622,511,472.2857142857143,124.85714285714286
2020-05-15,19801,2162,438,120,563,499.7142857142857,462,125.14285714285714
2020-05-16,19372,2091,350,78,372,491,474.14285714285717,125.28571428571429
2020-05-17,19302,2047,152,54,120,478.2857142857143,459.7142857142857,123
2020-05-18,18956,1958,375,123,492,483.42857142857144,438.57142857142856,114.28571428571429
2020-05-19,18409,1854,506,140,524,457.14285714285717,415.14285714285717,106.57142857142857
2020-05-20,17882,1754,432,102,418,444.42857142857144,399.2857142857143,106.14285714285714
2020-05-21,17527,1708,271,58,318,401,360.57142857142856,96.42857142857143
2020-05-22,17327,1664,263,75,393,376.7142857142857,335.57142857142856,90
2020-05-23,17122,1628,233,47,250,359.2857142857143,318.85714285714283,85.57142857142857
2020-05-24,17129,1618,121,36,115,358.57142857142856,314.42857142857144,83
2020-05-25,16742,1572,342,93,358,339.42857142857144,309.7142857142857,78.71428571428571
2020-05-26,16209,1519,318,92,276,304,282.85714285714283,71.85714285714286
2020-05-27,15627,1467,271,67,191,271.57142857142856,259.85714285714283,66.85714285714286
2020-05-28,15155,1395,253,69,3325,701.1428571428571,257.2857142857143,68.42857142857143
2020-05-29,14643,1328,255,63,597,730.2857142857143,256.14285714285717,66.71428571428571
2020-05-30,14329,1293,227,57,1828,955.7142857142857,255.28571428571428,68.14285714285714
2020-05-31,14271,1287,72,35,257,976,248.28571428571428,68
2020-06-01,14237,1270,89,31,338,973.1428571428571,212.14285714285714,59.142857142857146
2020-06-02,13978,1221,229,85,-766,824.2857142857143,199.42857142857142,58.142857142857146
2020-06-03,13465,1179,250,85,352,847.2857142857143,196.42857142857142,60.714285714285715
2020-06-04,13054,1133,195,46,767,481.85714285714283,188.14285714285714,57.42857142857143
2020-06-05,12650,1065,213,47,611,483.85714285714283,182.14285714285714,55.142857142857146
2020-06-06,12433,1030,143,35,579,305.42857142857144,170.14285714285714,52
2020-06-07,12415,1024,37,13,343,317.7142857142857,165.14285714285714,48.857142857142854
2020-06-08,12269,995,145,55,211,299.57142857142856,173.14285714285714,52.285714285714285
2020-06-09,11915,926,169,53,403,466.57142857142856,164.57142857142858,47.714285714285715
2020-06-10,11632,904,130,34,545,494.14285714285717,147.42857142857142,40.42857142857143
2020-06-11,11420,875,143,28,425,445.2857142857143,140,37.857142857142854
2020-06-12,11079,851,136,33,726,461.7142857142857,129,35.857142857142854
2020-06-13,10864,843,68,24,526,454.14285714285717,118.28571428571429,34.285714285714285
2020-06-14,10836,841,33,9,407,463.2857142857143,117.71428571428571,33.714285714285715
2020-06-15,10707,818,114,30,152,454.85714285714283,113.28571428571429,30.142857142857142
2020-06-16,10490,792,143,42,344,446.42857142857144,109.57142857142857,28.571428571428573
2020-06-17,10222,744,116,30,458,434,107.57142857142857,28
2020-06-18,10080,724,136,29,467,440,106.57142857142857,28.142857142857142
2020-06-19,9925,699,116,14,811,452.14285714285717,103.71428571428571,25.428571428571427
2020-06-20,9792,687,90,19,641,468.57142857142856,106.85714285714286,24.714285714285715
2020-06-21,9778,687,48,7,284,451,109,24.428571428571427
2020-06-22,9648,673,142,23,373,482.57142857142856,113,23.428571428571427
2020-06-23,9446,654,117,26,517,507.2857142857143,109.28571428571429,21.142857142857142
2020-06-24,9254,630,97,13,81,453.42857142857144,106.57142857142857,18.714285714285715
2020-06-25,9096,623,124,21,0,386.7142857142857,104.85714285714286,17.571428571428573
2020-06-26,8841,606,87,26,1588,497.7142857142857,100.71428571428571,19.285714285714285
2020-06-27,8715,594,55,15,0,406.14285714285717,95.71428571428571,18.714285714285715
2020-06-28,8727,594,44,2,0,365.57142857142856,95.14285714285714,18
2020-06-29,8643,591,102,18,1324,501.42857142857144,89.42857142857143,17.285714285714285
2020-06-30,8491,574,152,21,541,504.85714285714283,94.42857142857143,16.571428571428573
2020-07-01,8291,554,106,19,918,624.4285714285714,95.71428571428571,17.428571428571427
2020-07-02,8103,545,93,16,659,718.5714285714286,91.28571428571429,16.714285714285715
2020-07-03,7946,533,125,18,582,574.8571428571429,96.71428571428571,15.571428571428571
2020-07-04,7863,517,47,13,751,682.1428571428571,95.57142857142857,15.285714285714286
2020-07-05,7863,521,21,2,448,746.1428571428571,92.28571428571429,15.285714285714286
2020-07-06,7806,521,98,13,176,582.1428571428571,91.71428571428571,14.571428571428571
2020-07-07,7550,511,127,35,475,572.7142857142857,88.14285714285714,16.571428571428573
2020-07-08,7254,503,83,34,663,536.2857142857143,84.85714285714286,18.714285714285715
2020-07-09,7134,486,79,15,621,530.8571428571429,82.85714285714286,18.571428571428573
2020-07-10,7020,471,136,25,658,541.7142857142857,84.42857142857143,19.571428571428573
2020-07-11,6995,470,57,6,752,541.8571428571429,85.85714285714286,18.571428571428573
2020-07-12,6991,473,26,1,585,561.4285714285714,86.57142857142857,18.428571428571427
2020-07-13,6941,467,68,18,288,577.4285714285714,82.28571428571429,19.142857142857142
2020-07-14,6907,465,61,6,511,582.5714285714286,72.85714285714286,15
2020-07-15,6873,457,133,20,416,547.2857142857143,80,13
2020-07-16,6754,456,119,18,534,534.8571428571429,85.71428571428571,13.428571428571429
2020-07-17,6646,452,119,14,836,560.2857142857143,83.28571428571429,11.857142857142858
2020-07-18,6614,450,68,8,965,590.7142857142857,84.85714285714286,12.142857142857142
2020-07-19,6583,448,36,1,765,616.4285714285714,86.28571428571429,12.142857142857142
2020-07-20,6547,442,137,16,350,625.2857142857143,96.14285714285714,11.857142857142858
2020-07-21,6440,430,109,13,584,635.7142857142857,103,12.857142857142858
2020-07-22,6324,420,132,7,998,718.8571428571429,102.85714285714286,11
2020-07-23,5915,411,123,14,1062,794.2857142857143,103.42857142857143,10.428571428571429
2020-07-24,5678,385,126,13,1130,836.2857142857143,104.42857142857143,10.285714285714286
2020-07-25,5634,368,86,8,1108,856.7142857142857,107,10.285714285714286
2020-07-26,5640,367,36,1,929,880.1428571428571,107,10.285714285714286
2020-07-27,5614,374,118,9,514,903.5714285714286,104.28571428571429,9.285714285714286
2020-07-28,5510,361,172,15,725,923.7142857142857,113.28571428571429,9.571428571428571
2020-07-29,5409,356,118,15,1392,980,111.28571428571429,10.714285714285714
2020-07-30,5334,357,116,16,1377,1025,110.28571428571429,11
2020-07-31,5257,347,152,11,1346,1055.857142857143,114,10.714285714285714
2020-08-01,5177,344,77,6,1628,1130.142857142857,112.71428571428571,10.428571428571429
2020-08-02,5188,345,25,1,1192,1167.7142857142858,111.14285714285714,10.428571428571429
2020-08-03,5157,360,142,22,556,1173.7142857142858,114.57142857142857,12.285714285714286
2020-08-04,5121,364,139,11,1039,1218.5714285714287,109.85714285714286,11.714285714285714
2020-08-05,5107,360,137,9,1695,1261.857142857143,112.57142857142857,10.857142857142858
2020-08-06,5019,366,141,7,1604,1294.2857142857142,116.14285714285714,9.571428571428571
2020-08-07,4970,359,136,12,2288,1428.857142857143,113.85714285714286,9.714285714285714
2020-08-08,4981,366,73,2,2184,1508.2857142857142,113.28571428571429,9.142857142857142
2020-08-09,4992,368,14,0,1885,1607.2857142857142,111.71428571428571,9
2020-08-10,5004,372,180,14,785,1640,117.14285714285714,7.857142857142857
2020-08-11,4971,367,191,15,1397,1691.142857142857,124.57142857142857,8.428571428571429
2020-08-12,4850,355,143,18,2524,1809.5714285714287,125.42857142857143,9.714285714285714
2020-08-13,4824,351,201,17,2669,1961.7142857142858,134,11.142857142857142
2020-08-14,4788,344,173,19,2846,2041.4285714285713,139.28571428571428,12.142857142857142
2020-08-15,4817,353,87,4,3310,2202.285714285714,141.28571428571428,12.428571428571429
2020-08-16,4820,353,33,1,3015,2363.714285714286,144,12.571428571428571
2020-08-17,4885,361,234,19,493,2322,151.71428571428572,13.285714285714286
2020-08-18,4783,357,185,17,2238,2442.1428571428573,150.85714285714286,13.571428571428571
2020-08-19,4781,362,162,17,3776,2621,153.57142857142858,13.428571428571429
2020-08-20,4723,368,149,12,4771,2921.285714285714,146.14285714285714,12.714285714285714
2020-08-21,4720,367,210,23,4586,3169.8571428571427,151.42857142857142,13.285714285714286
2020-08-22,4685,368,114,12,3602,3211.5714285714284,155.28571428571428,14.428571428571429
2020-08-23,4683,371,29,1,4897,3480.4285714285716,154.71428571428572,14.428571428571429
2020-08-24,4664,387,233,15,1955,3689.285714285714,154.57142857142858,13.857142857142858
2020-08-25,4578,401,265,22,3304,3841.5714285714284,166,14.571428571428571
2020-08-26,4535,373,215,19,5429,4077.714285714286,173.57142857142858,14.857142857142858
2020-08-27,4517,375,225,15,6111,4269.142857142857,184.42857142857142,15.285714285714286
2020-08-28,4517,381,241,19,7379,4668.142857142857,188.85714285714286,14.714285714285714
2020-08-29,4512,394,135,6,5453,4932.571428571428,191.85714285714286,13.857142857142858
2020-08-30,4517,396,23,4,5413,5006.285714285715,191,14.285714285714286
2020-08-31,4564,403,254,29,3082,5167.285714285715,194,16.285714285714285
2020-09-01,4586,418,300,19,4982,5407,199,15.857142857142858
2020-09-02,4614,440,317,26,7017,5633.857142857143,213.57142857142858,16.857142857142858
2020-09-03,4625,458,307,21,7157,5783.285714285715,225.28571428571428,17.714285714285715
2020-09-04,4653,467,292,19,8975,6011.285714285715,232.57142857142858,17.714285714285715
2020-09-05,4667,476,168,12,8550,6453.714285714285,237.28571428571428,18.571428571428573
2020-09-06,4697,480,66,3,7071,6690.571428571428,243.42857142857142,18.428571428571427
2020-09-07,4889,531,448,25,4203,6850.714285714285,271.14285714285717,17.857142857142858
2020-09-08,4942,568,490,39,6544,7073.857142857143,298.2857142857143,20.714285714285715
2020-09-09,4985,593,386,30,8577,7296.714285714285,308.14285714285717,21.285714285714285
2020-09-10,5077,608,352,19,9843,7680.428571428572,314.57142857142856,21
2020-09-11,5136,628,447,40,9406,7742,336.7142857142857,24
2020-09-12,5176,655,243,17,10561,8029.285714285715,347.42857142857144,24.714285714285715
2020-09-13,5228,662,98,6,7183,8045.285714285715,352,25.142857142857142
2020-09-14,5479,705,545,34,6158,8324.57142857143,365.85714285714283,26.428571428571427
2020-09-15,5660,752,642,37,7852,8511.42857142857,387.57142857142856,26.142857142857142
2020-09-16,5800,796,649,46,9784,8683.857142857143,425.14285714285717,28.428571428571427
2020-09-17,5825,793,599,50,10593,8791,460.42857142857144,32.857142857142854
2020-09-18,5800,820,850,123,13215,9335.142857142857,518,44.714285714285715
2020-09-19,5493,827,470,26,13498,9754.714285714286,550.4285714285714,46
2020-09-20,5356,834,139,12,10569,10238.42857142857,556.2857142857143,46.857142857142854
2020-09-21,5597,912,754,53,5298,10115.57142857143,586.1428571428571,49.57142857142857
2020-09-22,5777,944,783,68,10008,10423.57142857143,606.2857142857143,54
2020-09-23,5913,995,649,43,13072,10893.285714285714,606.2857142857143,53.57142857142857
2020-09-24,6012,1041,613,53,16096,11679.42857142857,608.2857142857143,54
2020-09-25,6110,1092,661,56,15797,12048.285714285714,581.2857142857143,44.42857142857143
2020-09-26,6154,1105,503,41,14412,12178.857142857143,586,46.57142857142857
2020-09-27,6235,1112,241,27,11123,12258,600.5714285714286,48.714285714285715
2020-09-28,6397,1158,619,81,4070,12082.57142857143,581.2857142857143,52.714285714285715
2020-09-29,6482,1198,698,59,8051,11803,569.1428571428571,51.42857142857143
2020-09-30,6572,1232,650,64,12845,11770.57142857143,569.2857142857143,54.42857142857143
2020-10-01,6634,1259,626,63,13970,11466.857142857143,571.1428571428571,55.857142857142854
2020-10-02,6740,1270,721,48,12148,10945.57142857143,579.7142857142857,54.714285714285715
2020-10-03,6740,1289,532,49,16972,11311.285714285714,583.8571428571429,55.857142857142854
2020-10-04,6964,1335,418,32,12565,11517.285714285714,609.1428571428571,56.57142857142857
2020-10-05,7276,1409,710,70,5084,11662.142857142857,622.1428571428571,55
2020-10-06,7377,1417,829,65,10489,12010.42857142857,640.8571428571429,55.857142857142854
2020-10-07,7514,1406,789,80,18746,12853.42857142857,660.7142857142857,58.142857142857146
2020-10-08,7603,1418,711,77,18129,13447.57142857143,672.8571428571429,60.142857142857146
2020-10-09,7843,1439,848,62,20339,14617.714285714286,691,62.142857142857146
2020-10-10,7976,1456,694,54,26896,16035.42857142857,714.1428571428571,62.857142857142854
2020-10-11,8231,1483,503,46,16101,16540.571428571428,726.2857142857143,64.85714285714286
2020-10-12,8671,1539,976,96,8505,17029.285714285714,764.2857142857143,68.57142857142857
2020-10-13,8928,1633,1168,87,12993,17387,812.7142857142857,71.71428571428571
2020-10-14,9173,1664,1133,104,22591,17936.285714285714,861.8571428571429,75.14285714285714
2020-10-15,9584,1741,1207,88,30621,19720.85714285714,932.7142857142857,76.71428571428571
2020-10-16,10021,1791,1225,122,25086,20399,986.5714285714286,85.28571428571429
2020-10-17,10399,1868,986,90,32427,21189.14285714286,1028.2857142857142,90.42857142857143
2020-10-18,10897,1939,835,85,29837,23151.428571428572,1075.7142857142858,96
2020-10-19,11640,2090,1424,146,13243,23828.285714285714,1139.7142857142858,103.14285714285714
2020-10-20,12435,2168,1943,163,20468,24896.14285714286,1250.4285714285713,114
2020-10-21,13162,2239,1754,166,26676,25479.714285714286,1339.142857142857,122.85714285714286
2020-10-22,14009,2310,1998,165,41622,27051.285714285714,1452.142857142857,133.85714285714286
2020-10-23,14985,2432,2091,184,42032,29472.14285714286,1575.857142857143,142.71428571428572
2020-10-24,15637,2491,1667,138,45422,31328.571428571428,1673.142857142857,149.57142857142858
2020-10-25,16454,2575,1298,116,52010,34496.142857142855,1739.2857142857142,154
2020-10-26,17761,2761,2314,258,26771,36428.71428571428,1866.4285714285713,170
2020-10-27,18955,2909,2988,292,33417,38278.57142857143,2015.7142857142858,188.42857142857142
2020-10-28,20184,3036,2821,244,36437,39673,2168.1428571428573,199.57142857142858
2020-10-29,21160,3147,2607,250,47637,40532.28571428572,2255.1428571428573,211.71428571428572
2020-10-30,22153,3368,2563,256,49215,41558.42857142857,2322.5714285714284,222
2020-10-31,23013,3443,2274,224,35641,40161.142857142855,2409.285714285714,234.28571428571428
2020-11-01,24008,3569,1883,231,46290,39344,2492.8571428571427,250.71428571428572
2020-11-02,25120,3721,2547,418,52518,43022.142857142855,2526.1428571428573,273.57142857142856
2020-11-03,26242,3869,3311,430,36330,43438.28571428572,2572.285714285714,293.2857142857143
2020-11-04,27511,4080,3681,394,40558,44027,2695.1428571428573,314.7142857142857
2020-11-05,28403,4221,2989,367,58046,45514,2749.714285714286,331.42857142857144
2020-11-06,28955,4321,3140,405,60486,47124.142857142855,2832.1428571428573,352.7142857142857
2020-11-07,29396,4410,2458,306,86852,54440,2858.4285714285716,364.42857142857144
2020-11-08,30217,4527,1814,271,38619,53344.142857142855,2848.5714285714284,370.14285714285717
2020-11-09,31098,4677,2670,551,20155,48720.857142857145,2866.1428571428573,389.14285714285717
2020-11-10,31477,4736,3168,472,22180,46699.42857142857,2845.714285714286,395.14285714285717
2020-11-11,31918,4789,2588,329,35879,46031,2689.5714285714284,385.85714285714283
2020-11-12,32654,4884,2371,418,33172,42477.57142857143,2601.285714285714,393.14285714285717
2020-11-13,32676,4887,2841,467,23794,37235.857142857145,2558.5714285714284,402
2020-11-14,32468,4855,2202,359,32095,29413.428571428572,2522,409.57142857142856
2020-11-15,33050,4880,1574,302,27228,27786.14285714286,2487.714285714286,414
2020-11-16,33466,4903,2065,508,9406,26250.571428571428,2401.285714285714,407.85714285714283
2020-11-17,33139,4838,2513,437,45522,29585.14285714286,2307.714285714286,402.85714285714283
2020-11-18,32811,4759,2435,427,28383,28514.285714285714,2285.8571428571427,416.85714285714283
2020-11-19,32314,4637,2221,436,21150,26796.85714285714,2264.4285714285716,419.42857142857144
2020-11-20,31875,4566,1968,386,22882,26666.571428571428,2139.714285714286,407.85714285714283
2020-11-21,31365,4493,1515,276,17881,24636,2041.5714285714287,396
2020-11-22,31522,4491,906,215,13157,22625.85714285714,1946.142857142857,383.57142857142856
2020-11-23,31449,4438,1380,501,4452,21918.14285714286,1848.2857142857142,382.57142857142856
2020-11-24,30594,4277,1786,457,9155,16722.85714285714,1744.4285714285713,385.42857142857144
2020-11-25,29944,4136,1677,384,16282,14994.142857142857,1636.142857142857,379.2857142857143
2020-11-26,29282,4006,1460,340,13563,13910.285714285714,1527.4285714285713,365.57142857142856
2020-11-27,28620,3871,1471,396,12459,12421.285714285714,1456.4285714285713,367
2020-11-28,28139,3765,976,213,12580,11664,1379.4285714285713,358
2020-11-29,28284,3744,652,198,9784,11182.142857142857,1343.142857142857,355.57142857142856
2020-11-30,28229,3739,1257,408,4005,11118.285714285714,1325.5714285714287,342.2857142857143
2020-12-01,27611,3594,1572,365,8083,10965.142857142857,1295,329.14285714285717
2020-12-02,26986,3478,1253,312,14064,10648.285714285714,1234.4285714285713,318.85714285714283
2020-12-03,26675,3415,1450,326,12696,10524.42857142857,1233,316.85714285714283
2020-12-04,26283,3283,1400,284,11221,10347.57142857143,1222.857142857143,300.85714285714283
2020-12-05,26040,3220,1019,216,12923,10396.57142857143,1229,301.2857142857143
2020-12-06,26262,3210,627,175,11022,10573.42857142857,1225.4285714285713,298
2020-12-07,26333,3188,1206,366,3411,10488.57142857143,1218.142857142857,292
2020-12-08,25882,3078,1597,380,13713,11292.857142857143,1221.7142857142858,294.14285714285717
2020-12-09,25526,3031,1380,296,14595,11368.714285714286,1239.857142857143,291.85714285714283
2020-12-10,25199,2949,1445,297,13750,11519.285714285714,1239.142857142857,287.7142857142857
2020-12-11,24943,2874,1340,306,13406,11831.42857142857,1230.5714285714287,290.85714285714283
2020-12-12,24948,2851,1097,199,13947,11977.714285714286,1241.7142857142858,288.42857142857144
2020-12-13,25207,2861,669,150,11533,12050.714285714286,1247.7142857142858,284.85714285714283
2020-12-14,25449,2896,1324,372,3063,12001,1264.5714285714287,285.7142857142857
2020-12-15,25207,2871,1562,314,11532,11689.42857142857,1259.5714285714287,276.2857142857143
2020-12-16,25282,2840,1664,292,17615,12120.857142857143,1300.142857142857,275.7142857142857
2020-12-17,25149,2798,1364,261,18254,12764.285714285714,1288.5714285714287,270.57142857142856
2020-12-18,24945,2764,1285,264,15674,13088.285714285714,1280.7142857142858,264.57142857142856
2020-12-19,24819,2718,1004,190,17565,13605.142857142857,1267.4285714285713,263.2857142857143
2020-12-20,24961,2745,599,131,12799,13786,1257.4285714285713,260.57142857142856
2020-12-21,25201,2737,1284,354,5797,14176.57142857143,1251.7142857142858,258
2020-12-22,24932,2719,1783,386,11795,14214.142857142857,1283.2857142857142,268.2857142857143
2020-12-23,24852,2701,1426,278,14929,13830.42857142857,1249.2857142857142,266.2857142857143
2020-12-24,24607,2643,1454,292,21634,14313.285714285714,1262.142857142857,270.7142857142857
2020-12-25,24359,2616,743,159,20262,14968.714285714286,1184.7142857142858,255.71428571428572
2020-12-26,24444,2640,513,146,3093,12901.285714285714,1114.5714285714287,249.42857142857142
2020-12-27,24620,2650,589,175,8822,12333.142857142857,1113.142857142857,255.71428571428572
2020-12-28,24645,2694,1217,364,2960,11927.857142857143,1103.5714285714287,257.14285714285717
2020-12-29,24743,2666,1627,388,11395,11870.714285714286,1081.2857142857142,257.42857142857144
2020-12-30,24560,2652,1404,304,26457,13517.57142857143,1078.142857142857,261.14285714285717
2020-12-31,24407,2625,1317,252,19927,13273.714285714286,1058.5714285714287,255.42857142857142
2021-01-01,24263,2609,677,133,19348,13143.142857142857,1049.142857142857,251.71428571428572
2021-01-02,24458,2632,646,157,3466,13196.42857142857,1068.142857142857,253.28571428571428
2021-01-03,24780,2665,657,116,12489,13720.285714285714,1077.857142857143,244.85714285714286
2021-01-04,24962,2657,1262,380,4022,13872,1084.2857142857142,247.14285714285714
2021-01-05,24871,2616,1747,346,20489,15171.142857142857,1101.4285714285713,241.14285714285714
2021-01-06,24708,2607,1438,291,25379,15017.142857142857,1106.2857142857142,239.28571428571428
2021-01-07,24488,2573,1441,277,21703,15270.857142857143,1124,242.85714285714286
2021-01-08,24377,2606,1445,281,19814,15337.42857142857,1233.7142857142858,264
2021-01-09,24240,2600,944,171,20177,17724.714285714286,1276.2857142857142,266
2021-01-10,24526,2620,729,151,15944,18218.285714285714,1286.5714285714287,271
2021-01-11,24812,2666,1289,310,3581,18155.285714285714,1290.4285714285713,261
2021-01-12,24703,2678,1660,362,19753,18050.14285714286,1278,263.2857142857143
2021-01-13,24735,2701,1588,232,23852,17832,1299.4285714285713,254.85714285714286
2021-01-14,24983,2716,1691,283,21228,17764.14285714286,1335.142857142857,255.71428571428572
2021-01-15,25009,2730,1634,288,21271,17972.285714285714,1362.142857142857,256.7142857142857
2021-01-16,24985,2731,1199,196,21406,18147.85714285714,1398.5714285714287,260.2857142857143
2021-01-17,25235,2766,698,141,16642,18247.571428571428,1394.142857142857,258.85714285714283
2021-01-18,25584,2803,1666,404,3736,18269.714285714286,1448,272.2857142857143
2021-01-19,25532,2829,1995,373,23608,18820.428571428572,1495.857142857143,273.85714285714283
2021-01-20,25650,2842,1911,316,26784,19239.285714285714,1542,285.85714285714283
2021-01-21,25699,2866,1759,358,22848,19470.714285714286,1551.7142857142858,296.57142857142856
2021-01-22,25872,2902,1861,323,23292,19759.428571428572,1584.142857142857,301.57142857142856
2021-01-23,25864,2886,1174,231,23924,20119.14285714286,1580.5714285714287,306.57142857142856
2021-01-24,26357,2955,918,172,18436,20375.428571428572,1612,311
2021-01-25,26888,3031,1773,449,4240,20447.428571428572,1627.2857142857142,317.42857142857144
2021-01-26,27005,3071,2006,352,22086,20230,1628.857142857143,314.42857142857144
2021-01-27,27131,3097,1933,351,26916,20248.85714285714,1632,319.42857142857144
2021-01-28,27128,3101,1726,348,23770,20380.571428571428,1627.2857142857142,318
2021-01-29,27270,3120,1823,356,22858,20318.571428571428,1621.857142857143,322.7142857142857
2021-01-30,27242,3103,1176,242,24392,20385.428571428572,1622.142857142857,324.2857142857143
2021-01-31,27573,3148,816,195,19235,20499.571428571428,1607.5714285714287,327.57142857142856
2021-02-01,27874,3218,1750,456,4347,20514.85714285714,1604.2857142857142,328.57142857142856
2021-02-02,28029,3270,2189,404,23337,20693.571428571428,1630.4285714285713,336
2021-02-03,27953,3267,1882,358,26362,20614.428571428572,1623.142857142857,337
2021-02-04,27766,3240,1752,360,23448,20568.428571428572,1626.857142857143,338.7142857142857
2021-02-05,27572,3235,1719,296,22139,20465.714285714286,1612,330.14285714285717
2021-02-06,27327,3215,1126,191,20586,19922,1604.857142857143,322.85714285714283
2021-02-07,27652,3262,790,171,19715,19990.571428571428,1601.142857142857,319.42857142857144
2021-02-08,27995,3353,1893,460,4317,19986.285714285714,1621.5714285714287,320
2021-02-09,27634,3332,1931,439,18870,19348.14285714286,1584.7142857142858,325
2021-02-10,27417,3309,1525,297,25387,19208.85714285714,1533.7142857142858,316.2857142857143
2021-02-11,26963,3327,1618,371,21063,18868.14285714286,1514.5714285714287,317.85714285714283
2021-02-12,26424,3298,1405,320,20701,18662.714285714286,1469.7142857142858,321.2857142857143
2021-02-13,26196,3294,1085,199,21231,18754.85714285714,1463.857142857143,322.42857142857144
2021-02-14,26401,3299,651,167,16546,18302.14285714286,1444,321.85714285714283
2021-02-15,26478,3371,1431,413,4376,18310.571428571428,1378,315.14285714285717
2021-02-16,26195,3338,1857,352,19590,18413.428571428572,1367.4285714285713,302.7142857142857
2021-02-17,25929,3340,1559,311,25018,18360.714285714286,1372.2857142857142,304.7142857142857
2021-02-18,25717,3384,1490,272,22501,18566.14285714286,1354,290.57142857142856
2021-02-19,25506,3380,1543,328,24116,19054,1373.7142857142858,291.7142857142857
2021-02-20,25269,3369,1029,183,22371,19216.85714285714,1365.7142857142858,289.42857142857144
2021-02-21,25464,3392,593,160,22046,20002.571428571428,1357.4285714285713,288.42857142857144
2021-02-22,25831,3407,1529,334,4646,20041.14285714286,1371.4285714285713,277.14285714285717
2021-02-23,25660,3435,1780,314,20064,20108.85714285714,1360.4285714285713,271.7142857142857
2021-02-24,25614,3436,1636,278,31519,21037.571428571428,1371.4285714285713,267
2021-02-25,25317,3430,1454,261,25403,21452.14285714286,1366.2857142857142,265.42857142857144
2021-02-26,25130,3445,1634,286,25207,21608,1379.2857142857142,259.42857142857144
2021-02-27,24989,3453,1007,186,23996,21840.14285714286,1376.142857142857,259.85714285714283
2021-02-28,25280,3492,728,122,19952,21541,1395.4285714285713,254.42857142857142
2021-03-01,25430,3544,1393,379,4703,21549.14285714286,1376,260.85714285714283
2021-03-02,25263,3586,1705,301,22857,21948.14285714286,1365.2857142857142,259
2021-03-03,25111,3637,1622,326,26788,21272.285714285714,1363.2857142857142,265.85714285714283
2021-03-04,24891,3633,1538,295,25279,21254.571428571428,1375.2857142857142,270.7142857142857
2021-03-05,24765,3680,1397,239,23507,21011.714285714286,1341.4285714285713,264
2021-03-06,24625,3689,1097,173,23306,20913.14285714286,1354.2857142857142,262.14285714285717
2021-03-07,24818,3743,720,130,21825,21180.714285714286,1353.142857142857,263.2857142857143
2021-03-08,25195,3849,1584,360,5327,21269.85714285714,1380.4285714285713,260.57142857142856
2021-03-09,25201,3918,1810,299,23302,21333.428571428572,1395.4285714285713,260.2857142857143
2021-03-10,24969,3918,1574,266,30303,21835.571428571428,1388.5714285714287,251.71428571428572
2021-03-11,24858,3992,1609,266,27166,22105.14285714286,1398.7142857142858,247.57142857142858
2021-03-12,24749,4033,1448,228,25229,22351.14285714286,1406,246
2021-03-13,24671,4070,1087,174,29759,23273,1404.5714285714287,246.14285714285714
2021-03-14,24989,4127,821,140,26343,23918.428571428572,1419,247.57142857142858
2021-03-15,25469,4219,1676,333,6471,24081.85714285714,1432.142857142857,243.71428571428572
2021-03-16,25492,4239,2005,320,29975,25035.14285714286,1460,246.71428571428572
2021-03-17,25314,4219,1745,246,38501,26206.285714285714,1484.4285714285713,243.85714285714286
2021-03-18,25389,4246,1661,273,34998,27325.14285714286,1491.857142857143,244.85714285714286
2021-03-19,25339,4287,1699,297,35088,28733.571428571428,1527.7142857142858,254.71428571428572
2021-03-20,25537,4353,1348,185,35327,29529,1565,256.2857142857143
2021-03-21,25926,4406,926,138,30581,30134.428571428572,1580,256
2021-03-22,26488,4548,1902,344,15792,31466,1612.2857142857142,257.57142857142856
2021-03-23,26756,4634,2286,292,14678,29280.714285714286,1652.4285714285713,253.57142857142858
2021-03-24,26876,4651,2130,248,65373,33119.57142857143,1707.4285714285713,253.85714285714286
2021-03-25,27036,4709,1860,228,45641,34640,1735.857142857143,247.42857142857142
2021-03-26,27242,4766,2048,304,41869,35608.71428571428,1785.7142857142858,248.42857142857142
2021-03-27,27259,4791,1567,194,42619,36650.42857142857,1817,249.71428571428572
2021-03-28,27712,4872,1017,131,37014,37569.42857142857,1830,248.71428571428572
2021-03-29,28322,4974,2099,362,9094,36612.57142857143,1858.142857142857,251.28571428571428
2021-03-30,28510,5072,2579,337,30702,38901.71428571428,1900,257.7142857142857
2021-03-31,28463,5053,2209,304,59038,37996.71428571428,1911.2857142857142,265.7142857142857
2021-04-01,28581,5109,2035,313,50659,38713.57142857143,1936.2857142857142,277.85714285714283
2021-04-02,28729,5254,2092,301,46677,39400.42857142857,1942.5714285714287,277.42857142857144
2021-04-03,28886,5273,1730,187,13917,35300.142857142855,1965.857142857143,276.42857142857144
2021-04-04,29356,5341,1224,185,66794,39554.42857142857,1995.4285714285713,284.14285714285717
2021-04-05,29907,5433,1219,197,10793,39797.142857142855,1869.7142857142858,260.57142857142856
2021-04-06,30639,5626,2459,409,8045,36560.42857142857,1852.5714285714287,270.85714285714283
2021-04-07,30904,5729,3131,433,12951,29976.571428571428,1984.2857142857142,289.2857142857143
2021-04-08,30555,5705,2156,345,84999,34882.28571428572,2001.5714285714287,293.85714285714283
2021-04-09,30326,5757,2120,301,41243,34106,2005.5714285714287,293.85714285714283
2021-04-10,30238,5769,1649,210,43284,38301.28571428572,1994,297.14285714285717
2021-04-11,30671,5838,1305,178,34895,33744.28571428572,2005.5714285714287,296.14285714285717
2021-04-12,31262,5916,2172,385,8536,33421.857142857145,2141.714285714286,323
2021-04-13,31226,5952,2501,324,39113,37860.142857142855,2147.714285714286,310.85714285714283
2021-04-14,30868,5902,2072,297,43505,42225,1996.4285714285713,291.42857142857144
2021-04-15,30668,5924,2062,300,38045,35517.28571428572,1983,285
2021-04-16,30472,5914,2044,309,36442,34831.42857142857,1972.142857142857,286.14285714285717
2021-04-17,30329,5877,1471,189,35861,33771,1946.7142857142858,283.14285714285717
2021-04-18,30789,5893,1111,140,29344,32978,1919,277.7142857142857
2021-04-19,31214,5970,2066,449,6696,32715.14285714286,1903.857142857143,286.85714285714283
2021-04-20,31086,5984,2404,375,43098,33284.42857142857,1890,294.14285714285717
2021-04-21,30954,5959,2095,316,34968,32064.85714285714,1893.2857142857142,296.85714285714283
2021-04-22,30634,5981,1878,285,34318,31532.428571428572,1867,294.7142857142857
2021-04-23,30438,5962,1932,309,32340,30946.428571428572,1851,294.7142857142857
2021-04-24,30100,5958,1368,220,32633,30485.285714285714,1836.2857142857142,299.14285714285717
2021-04-25,30287,5978,881,145,24465,29788.285714285714,1803.4285714285713,299.85714285714283
2021-04-26,30596,6001,1944,400,5952,29682,1786,292.85714285714283
2021-04-27,30281,5943,2109,338,30317,27856.14285714286,1743.857142857143,287.57142857142856
2021-04-28,29911,5879,1708,324,31539,27366.285714285714,1688.5714285714287,288.7142857142857
2021-04-29,29487,5804,1711,321,26538,26254.85714285714,1664.7142857142858,293.85714285714283
2021-04-30,28930,5675,1433,271,24299,25106.14285714286,1593.4285714285713,288.42857142857144
2021-05-01,28603,5581,1246,195,25670,24111.428571428572,1576,284.85714285714283
2021-05-02,28818,5585,798,113,9888,22029,1564.142857142857,280.2857142857143
2021-05-03,28950,5630,1495,311,3760,21715.85714285714,1500,267.57142857142856
2021-05-04,28427,5504,1591,243,24371,20866.428571428572,1426,254
2021-05-05,27686,5402,1459,245,26000,20075.14285714286,1390.4285714285713,242.71428571428572
2021-05-06,26985,5231,1151,222,21712,19385.714285714286,1310.4285714285713,228.57142857142858
2021-05-07,26331,5106,1140,227,19124,18646.428571428572,1268.5714285714287,222.28571428571428
2021-05-08,25800,5005,844,176,20745,17942.85714285714,1211.142857142857,219.57142857142858
2021-05-09,25797,4971,527,116,9128,17834.285714285714,1172.4285714285713,220
2021-05-10,25666,4870,1125,293,3292,17767.428571428572,1119.5714285714287,217.42857142857142
2021-05-11,25028,4743,1239,236,19791,17113.14285714286,1069.2857142857142,216.42857142857142
2021-05-12,24254,4583,965,185,21498,16470,998.7142857142857,207.85714285714286
2021-05-13,23656,4442,618,131,19461,16148.42857142857,922.5714285714286,194.85714285714286
2021-05-14,23406,4352,733,173,7025,14420,864.4285714285714,187.14285714285714
2021-05-15,22950,4271,580,112,15685,13697.142857142857,826.7142857142857,178
2021-05-16,22963,4255,416,81,13948,14385.714285714286,810.8571428571429,173
2021-05-17,22749,4186,871,196,3350,14394,774.5714285714286,159.14285714285714
2021-05-18,22058,4015,996,187,17210,14025.285714285714,739.8571428571429,152.14285714285714
2021-05-19,21347,3862,712,141,19050,13675.57142857143,703.7142857142857,145.85714285714286
2021-05-20,20750,3769,709,137,15415,13097.57142857143,716.7142857142857,146.71428571428572
2021-05-21,20209,3631,625,111,12800,13922.57142857143,701.2857142857143,137.85714285714286
2021-05-22,19765,3544,468,89,12611,13483.42857142857,685.2857142857143,134.57142857142858
2021-05-23,19720,3515,324,70,9704,12877.142857142857,672.1428571428571,133
2021-05-24,19701,3496,260,62,2229,12717,584.8571428571429,113.85714285714286
2021-05-25,19430,3447,796,199,3155,10709.142857142857,556.2857142857143,115.57142857142857
2021-05-26,18593,3330,671,144,12646,9794.285714285714,550.4285714285714,116
2021-05-27,17941,3206,499,146,13933,9582.57142857143,520.4285714285714,117.28571428571429
2021-05-28,17272,3104,539,105,11268,9363.714285714286,508.14285714285717,116.42857142857143
2021-05-29,16847,3028,334,71,10675,9087.142857142857,489,113.85714285714286
2021-05-30,16775,2993,199,44,8541,8921,471.14285714285717,110.14285714285714
2021-05-31,16596,2945,529,126,1211,8775.57142857143,509.57142857142856,119.28571428571429
2021-06-01,16088,2825,596,137,9848,9731.714285714286,481,110.42857142857143
2021-06-02,15638,2754,491,96,8743,9174.142857142857,455.2857142857143,103.57142857142857
2021-06-03,15283,2677,458,71,8161,8349.57142857143,449.42857142857144,92.85714285714286
2021-06-04,14801,2571,408,81,6953,7733.142857142857,430.7142857142857,89.42857142857143
2021-06-05,14532,2525,267,58,6654,7158.714285714285,421.14285714285717,87.57142857142857
2021-06-06,14525,2527,154,25,5070,6662.857142857143,414.7142857142857,84.85714285714286
2021-06-07,14323,2472,383,66,1164,6656.142857142857,393.85714285714283,76.28571428571429
2021-06-08,13984,2394,405,72,6018,6109,366.57142857142856,67
2021-06-09,13526,2326,391,65,5557,5653.857142857143,352.2857142857143,62.57142857142857
2021-06-10,13090,2245,297,68,4475,5127.285714285715,329.2857142857143,62.142857142857146
2021-06-11,12712,2163,313,69,3871,4687,315.7142857142857,60.42857142857143
2021-06-12,12496,2110,198,34,3972,4303.857142857143,305.85714285714283,57
2021-06-13,12480,2106,111,13,2855,3987.4285714285716,299.7142857142857,55.285714285714285
2021-06-14,12374,2068,325,63,689,3919.5714285714284,291.42857142857144,54.857142857142854
2021-06-15,11895,1952,300,76,3235,3522,276.42857142857144,55.42857142857143
2021-06-16,11519,1873,198,45,3058,3165,248.85714285714286,52.57142857142857
2021-06-17,11114,1799,225,56,2786,2923.714285714286,238.57142857142858,50.857142857142854
2021-06-18,10738,1740,171,50,2439,2719.1428571428573,218.28571428571428,48.142857142857146
2021-06-19,10531,1703,102,22,2624,2526.5714285714284,204.57142857142858,46.42857142857143
2021-06-20,10518,1703,51,14,1815,2378,196,46.57142857142857
2021-06-21,10386,1655,216,40,487,2349.1428571428573,180.42857142857142,43.285714285714285
2021-06-22,10046,1560,181,52,2204,2201.8571428571427,163.42857142857142,39.857142857142854
2021-06-23,9771,1509,167,33,2320,2096.4285714285716,159,38.142857142857146
2021-06-24,9392,1439,140,45,2007,1985.142857142857,146.85714285714286,36.57142857142857
2021-06-25,9190,1389,148,33,1986,1920.4285714285713,143.57142857142858,34.142857142857146
2021-06-26,9024,1349,81,12,2128,1849.5714285714287,140.57142857142858,32.714285714285715
2021-06-27,8986,1345,42,17,1578,1815.7142857142858,139.28571428571428,33.142857142857146
2021-06-28,8846,1304,176,44,509,1818.857142857143,133.57142857142858,33.714285714285715
2021-06-29,8627,1250,134,28,2314,1834.5714285714287,126.85714285714286,30.285714285714285
2021-06-30,8451,1204,158,25,2457,1854.142857142857,125.57142857142857,29.142857142857142
2021-07-01,8232,1162,109,29,2664,1948,121.14285714285714,26.857142857142858
2021-07-02,8044,1123,118,24,2683,2047.5714285714287,116.85714285714286,25.571428571428573
2021-07-03,7912,1102,79,17,3006,2173,116.57142857142857,26.285714285714285
2021-07-04,7913,1104,41,9,2549,2311.714285714286,116.42857142857143,25.142857142857142
2021-07-05,7806,1077,137,36,796,2352.714285714286,110.85714285714286,24
2021-07-06,7637,1032,149,35,3585,2534.285714285714,113,25
2021-07-07,7539,997,140,28,4081,2766.285714285714,110.42857142857143,25.428571428571427
2021-07-08,7384,971,100,25,4442,3020.285714285714,109.14285714285714,24.857142857142858
